Workbook

Sheet Match_events
A1: Event ID | B1: Over no | C1: Ball no | D1: Batsman | E1: Bowler | F1: Event type | G1: Partmership runs | H1: Match situation | I1: Player milestone | J1: Runs scored | K1: Commentary
A2: E001 | B2: 1 | C2: 1 | D2: Rohit Sharma | E2: Bumrah | F2: Dot ball | G2: 0 | H2: Normal play | I2: None | J2: 0 | K2: Good length, beaten outside off
A3: E002 | B3: 1 | C3: 2 | D3: Rohit Sharma | E3: Bumrah | F3: Four | G3: 4 | H3: Normal play | I3: None | J3: 4 | K3: Driven beautifully through covers!
A4: E003 | B4: 1 | C4: 3 | D4: Kohli | E4: Bumrah | F4: Six | G4: 10 | H4: Powerplay over | I4: None | J4: 6 | K4: Massive six over long-on!
A5: E004 | B5: 1 | C5: 4 | D5: Kohli | E5: Bumrah | F5: Wicket | G5: 16 | H5: Powerplay over | I5: None | J5: 0 | K5: OUT! Caught behind! Bumrah strikes
A6: E005 | B6: 2 | C6: 1 | D6: Dhoni | E6: Jadeja | F6: Dot ball | G6: 0 | H6: Normal play | I6: None | J6: 0 | K6: Blocked back, quiet ball
A7: E006 | B7: 2 | C7: 2 | D7: Dhoni | E7: Jadeja | F7: Six | G7: 0 | H7: Last over | I7: None | J7: 6 | K7: Last ball six! Dhoni finishes it!
A8: E007 | B8: 2 | C8: 3 | D8: Dhoni | E8: Jadeja | F8: Four | G8: 6 | H8: Last over | I8: None | J8: 4 | K8: Swept fine, racing to the boundary!
A9: E008 | B9: 3 | C9: 1 | D9: Gill | E9: Shami | F9: Run out | G9: 0 | H9: Normal play | I9: None | J9: 0 | K9: Direct hit! Gill run out!
A10: E009 | B10: 3 | C10: 2 | D10: Pant | E10: Shami | F10: Dot ball | G10: 0 | H10: Normal play | I10: None | J10: 0 | K10: Short ball, ducked under
A11: E010 | B11: 3 | C11: 3 | D11: Pant | E11: Shami | F11: Six | G11: 6 | H11: Death over | I11: None | J11: 6 | K11: Unbelievable scoop shot! Audacious!
A12: E011 | B12: 4 | C12: 1 | D12: Hardik | E12: Chahal | F12: Four | G12: 10 | H12: Death over | I12: None | J12: 4 | K12: Lofted over mid-off, well timed
A13: E012 | B13: 4 | C13: 2 | D13: Hardik | E13: Chahal | F13: Wicket | G13: 0 | H13: Death over | I13: None | J13: 0 | K13: Bowled him! Through the gate!
... A16: E015 | B16: 6 | C16: 1 | D16: Rohit Sharma | E16: Bumrah | F16: Six | G16: 60 | H16: Last over-last ball need 6 to win | I16: Rohit 48 off 28 balls | J16: 6 | K16: Last over six! Rohit goes big!

Sheet Highlight scores
A1: Event ID | B1: Event type | C1: Video score | D1: Audio score | E1: NLP score | F1: Match pressure score | G1: Partnership score | H1: Milestone score | I1: Trajectory score | J1: Catch difficulty score | K1: Total score | L1: Is highlight
A2: E001 | B2: Dot ball | C2: 5 | D2: 5 | E2: 5 | F2: 5 | G2: 0 | H2: 0 | I2: 5 | J2: 0 | K2: =C2+D2+E2+F2+G2+H2+I2+J2 -> 25 | L2: =IF(K2>=70,"yes","no") -> no
A3: E002 | B3: Four | C3: 25 | D3: 20 | E3: 15 | F3: 10 | G3: 0 | H3: 0 | I3: 15 | J3: 0 | K3: =C3+D3+E3+F3+G3+H3+I3+J3 -> 85 | L3: =IF(K3>=70,"yes","no") -> yes
A4: E003 | B4: Six | C4: 40 | D4: 30 | E4: 20 | F4: 15 | G4: 0 | H4: 0 | I4: 30 | J4: 0 | K4: =C4+D4+E4+F4+G4+H4+I4+J4 -> 135 | L4: =IF(K4>=70,"yes","no") -> yes
A5: E004 | B5: Wicket | C5: 35 | D5: 30 | E5: 25 | F5: 15 | G5: 0 | H5: 0 | I5: 10 | J5: 25 | K5: =C5+D5+E5+F5+G5+H5+I5+J5 -> 140 | L5: =IF(K5>=70,"yes","no") -> yes
A6: E005 | B6: Dot ball | C6: 5 | D6: 5 | E6: 5 | F6: 5 | G6: 0 | H6: 0 | I6: 5 | J6: 0 | K6: =C6+D6+E6+F6+G6+H6+I6+J6 -> 25 | L6: =IF(K6>=70,"yes","no") -> no
A7: E006 | B7: Six | C7: 40 | D7: 35 | E7: 25 | F7: 40 | G7: 0 | H7: 0 | I7: 35 | J7: 0 | K7: =C7+D7+E7+F7+G7+H7+I7+J7 -> 175 | L7: =IF(K7>=70,"yes","no") -> yes
A8: E007 | B8: Four | C8: 25 | D8: 20 | E8: 15 | F8: 40 | G8: 0 | H8: 0 | I8: 15 | J8: 0 | K8: =C8+D8+E8+F8+G8+H8+I8+J8 -> 115 | L8: =IF(K8>=70,"yes","no") -> yes
A9: E008 | B9: Run out | C9: 35 | D9: 30 | E9: 20 | F9: 10 | G9: 0 | H9: 0 | I9: 10 | J9: 20 | K9: =C9+D9+E9+F9+G9+H9+I9+J9 -> 125 | L9: =IF(K9>=70,"yes","no") -> yes
A10: E009 | B10: Dot ball | C10: 5 | D10: 5 | E10: 5 | F10: 5 | G10: 0 | H10: 0 | I10: 5 | J10: 0 | K10: =C10+D10+E10+F10+G10+H10+I10+J10 -> 25 | L10: =IF(K10>=70,"yes","no") -> no
A11: E010 | B11: Six | C11: 40 | D11: 35 | E11: 25 | F11: 20 | G11: 0 | H11: 0 | I11: 35 | J11: 0 | K11: =C11+D11+E11+F11+G11+H11+I11+J11 -> 155 | L11: =IF(K11>=70,"yes","no") -> yes
A12: E011 | B12: Four | C12: 25 | D12: 20 | E12: 15 | F12: 20 | G12: 0 | H12: 0 | I12: 15 | J12: 0 | K12: =C12+D12+E12+F12+G12+H12+I12+J12 -> 95 | L12: =IF(K12>=70,"yes","no") -> yes
A13: E012 | B13: Wicket | C13: 35 | D13: 30 | E13: 25 | F13: 20 | G13: 0 | H13: 0 | I13: 20 | J13: 35 | K13: =C13+D13+E13+F13+G13+H13+I13+J13 -> 165 | L13: =IF(K13>=70,"yes","no") -> yes
... A16: E015 | B16: Six | C16: 40 | D16: 35 | E16: 25 | F16: 60 | G16: 30 | H16: 0 | I16: 35 | J16: 0 | K16: =C16+D16+E16+F16+G16+H16+I16+J16 -> 225 | L16: =IF(K16>=70,"yes","no") -> yes

Sheet Test results
A1: Event ID | B1: Event type | C1: Total score | D1: Threshold | E1: Is highlight | F1: Test status
A2: E001 | B2: Dot ball | C2: ='Highlight scores'!K2 -> 25 | D2: 70 | E2: =IF(C2>=D2,"yes","no") -> no | F2: =IF(E2="yes","pass","fail") -> fail
A3: E002 | B3: Four | C3: ='Highlight scores'!K3 -> 85 | D3: 70 | E3: =IF(C3>=D3,"yes","no") -> yes | F3: =IF(E3="yes","pass","fail") -> pass
A4: E003 | B4: Six | C4: ='Highlight scores'!K4 -> 135 | D4: 70 | E4: =IF(C4>=D4,"yes","no") -> yes | F4: =IF(E4="yes","pass","fail") -> pass
A5: E004 | B5: Wicket | C5: ='Highlight scores'!K5 -> 140 | D5: 70 | E5: =IF(C5>=D5,"yes","no") -> yes | F5: =IF(E5="yes","pass","fail") -> pass
A6: E005 | B6: Dot ball | C6: ='Highlight scores'!K6 -> 25 | D6: 70 | E6: =IF(C6>=D6,"yes","no") -> no | F6: =IF(E6="yes","pass","fail") -> fail
A7: E006 | B7: Six | C7: ='Highlight scores'!K7 -> 175 | D7: 70 | E7: =IF(C7>=D7,"yes","no") -> yes | F7: =IF(E7="yes","pass","fail") -> pass
A8: E007 | B8: Four | C8: ='Highlight scores'!K8 -> 115 | D8: 70 | E8: =IF(C8>=D8,"yes","no") -> yes | F8: =IF(E8="yes","pass","fail") -> pass
A9: E008 | B9: Run out | C9: ='Highlight scores'!K9 -> 125 | D9: 70 | E9: =IF(C9>=D9,"yes","no") -> yes | F9: =IF(E9="yes","pass","fail") -> pass
A10: E009 | B10: Dot ball | C10: ='Highlight scores'!K10 -> 25 | D10: 70 | E10: =IF(C10>=D10,"yes","no") -> no | F10: =IF(E10="yes","pass","fail") -> fail
A11: E010 | B11: Six | C11: ='Highlight scores'!K11 -> 155 | D11: 70 | E11: =IF(C11>=D11,"yes","no") -> yes | F11: =IF(E11="yes","pass","fail") -> pass
A12: E011 | B12: Four | C12: ='Highlight scores'!K12 -> 95 | D12: 70 | E12: =IF(C12>=D12,"yes","no") -> yes | F12: =IF(E12="yes","pass","fail") -> pass
A13: E012 | B13: Wicket | C13: ='Highlight scores'!K13 -> 165 | D13: 70 | E13: =IF(C13>=D13,"yes","no") -> yes | F13: =IF(E13="yes","pass","fail") -> pass
... A16: E015 | B16: Six | C16: ='Highlight scores'!K16 -> 225 | D16: 70 | E16: =IF(C16>=D16,"yes","no") -> yes | F16: =IF(E16="yes","pass","fail") -> pass
A18: Total events tested | B18: =COUNTA(A2:A16) -> 15
A19: Total highights detected | B19: =COUNTIF(E2:E16,"yes") -> 11
A20: Total passed | B20: =COUNTIF(F2:F16,"pass") -> 11
A21: Total failed | B21: =COUNTIF(F2:F16,"fail") -> 4
A22: Pass percentage | B22: =B20/B18*100 -> 73.333333

Sheet Future_impact_tracking
A1: Event id | B1: Over | C1: Ball | D1: Initial event | E1: Initial score | F1: Linked future event | G1: Future over | H1: Impact type | I1: Score boost | J1: Final score | K1: Highlight status
A2: E001 | B2: 1 | C2: 3 | D2: Dropped catch — Kohli | E2: 45 | F2: Kohli scores century at over 15 | G2: 15 | H2: Batsman milestone after dropped catch | I2: 40 | J2: 85 | K2: YES — upgraded
A3: E002 | B3: 2 | C3: 1 | D3: Near run out — Dhoni survives | E3: 50 | F3: Dhoni hits match winning six at over 20 | G3: 20 | H3: Match winner survived earlier | I3: 35 | J3: 85 | K3: YES — upgraded
A4: E003 | B4: 3 | C4: 2 | D4: DRS review taken — OUT given | E4: 30 | F4: DRS overturns — NOT OUT confirmed | G4: 3 | H4: Final DRS decision replaces initial | I4: 45 | J4: 75 | K4: YES — DRS final decision
A5: E004 | B5: 4 | C5: 1 | D5: Cheerleader movement detected | E5: 60 | F5: False positive — not a game event | G5: - | H5: Crowd bias false positive rejected | I5: -60 | J5: 0 | K5: NO — rejected
A6: E005 | B6: 5 | C6: 3 | D6: Fireworks after boundary | E6: 55 | F6: False positive — external event | G6: - | H6: Non-game audio rejected | I6: -55 | J6: 0 | K6: NO — rejected
A7: E006 | B7: 6 | C7: 2 | D7: Dropped catch — Rohit survives | E7: 40 | F7: Rohit scores 48 off 28 balls | G7: 18 | H7: Batsman excels after dropped chance | I7: 30 | J7: 70 | K7: YES — borderline upgraded
A8: E007 | B8: 7 | C8: 1 | D8: Wicket — video corrupted | E8: 80 | F8: Scoreboard graphic used as fallback | G8: - | H8: Corrupted video replaced with graphic | I8: 0 | J8: 80 | K8: YES — fallback used
A9: E008 | B9: 8 | C9: 4 | D9: Partnership at 95 runs | E9: 65 | F9: Partnership crosses 100 runs next ball | G9: 8 | H9: Partnership milestone achieved | I9: 30 | J9: 95 | K9: YES — milestone
A10: E009 | B10: 9 | C10: 2 | D10: First ball of super over | E10: 70 | F10: Super over linked to main match result | G10: 20 | H10: Super over context boost applied | I10: 25 | J10: 95 | K10: YES — super over
A11: E010 | B11: 10 | C11: 1 | D11: Rain interruption over 10 | E11: 20 | F11: Match abandoned — DLS applied | G11: - | H11: Abandonment notice added to highlights | I11: 0 | J11: 20 | K11: NO — abandonment clip
A13: Total events tracked | B13: =COUNTA(A2:A11) -> 10
A14: Events upgraded by future impact | B14: =COUNTIF(K2:K11,"YES*") -> 7
A15: False positives rejected | B15: =COUNTIF(H2:H11,"*false positive*") -> 1
A16: Corrupted clips with fallback | B16: =COUNTIF(H2:H11,"*corrupted*") -> 1

Sheet Edge_case_testing
A1: Case id | B1: Scenario | C1: Input condition | D1: Expected output | E1: System response | F1: Test status | G1: Handling method
A2: EC001 | B2: No highlights scenario | C2: Match has only singles, no wickets, no boundaries | D2: Output: No highlights available message | E2: System checks if max score in dataset is below 40 — triggers no highlight flag | F2: PASS | G2: Minimum threshold check on entire dataset
A3: EC002 | B3: Excessive highlights | C3: T20 match with 400+ runs — 30 potential highlights detected | D3: Trim to top 10 events within 10 minute limit | E3: Priority queue sorts by score, selects top events until 10 min filled | F3: PASS | G3: Priority queue with time budget constraint
A4: EC003 | B4: Very short match | C4: Team all out in 10 overs — limited content | D4: Minimum highlight reel using toss, crowd shots, key wickets | E4: System ensures minimum 3 minute reel by including lower score events | F4: PASS | G4: Minimum duration fallback logic
A5: EC004 | B5: Very long match — Test cricket | C5: 5 day test match — 1800 balls bowled | D5: Daily highlight package per day — 5 separate reels | E5: System partitions events by day boundary, generates one reel per day | F5: PASS | G5: Temporal partitioning by day
A6: EC005 | B6: Super over scenario | C6: Main match tied — super over played | D6: Both regular match and super over included in highlights | E6: System flags super over as mandatory inclusion regardless of score | F6: PASS | G6: Mandatory event override flag
A7: EC006 | B7: Metadata error | C7: Wrong player name on jersey — Kohli shown as Sharma | D7: Corrected using scoreboard ground truth | E7: Scoreboard API name overrides jersey OCR detection | F7: PASS | G7: Scoreboard as ground truth fallback
A8: EC007 | B8: Corrupted video segment | C8: Camera feed drops for 2 overs — video missing | D8: Scoreboard graphic with commentary audio used | E8: System detects missing frames, switches to graphic overlay + audio | F8: PASS | G8: Multi-modal fallback — audio and graphic
A9: EC008 | B9: Wrong timestamp | C9: Events logged out of order — over 15 before over 10 | D9: Events reordered by timestamp before scoring | E9: Timestamp sorting applied before highlight scoring pipeline | F9: PASS | G9: Pre-processing sort by timestamp
A10: EC009 | B10: Highlight length exceeded | C10: Raw highlights total 18 minutes — exceeds 10 min limit | D10: Trim lowest scoring events until 10 min reached | E10: Iteratively remove lowest score event until time budget met | F10: PASS | G10: Greedy time trimming algorithm
A11: EC010 | B11: Rain abandoned match | C11: Match stopped at over 12 due to rain | D11: Show toss, first 5 overs highlights, abandonment notice | E11: System detects abandonment flag from scorecard API — special reel generated | F11: PASS | G11: Abandonment detection via API flag
A12: EC011 | B12: DRS false start reaction | C12: Crowd erupts when LBW appeal made — before DRS result | D12: Do not include pre-DRS crowd reaction as highlight | E12: System waits for DRS final decision before scoring the event | F12: PASS | G12: Decision pending state — hold and wait
... A16: EC015 | B16: Multi-event same ball | C16: No ball + six hit simultaneously | D16: Combine both events — apply highest combined score | E16: System detects overlapping timestamps and merges event scores | F16: PASS | G16: Event merging for same-ball multi-events
A18: Total edge cases tested | B18: =COUNTA(A2:A16) -> 15
A19: Total passed | B19: =COUNTIF(F2:F16,"PASS") -> 15
A20: Total failed | B20: =COUNTIF(F2:F16,"FAIL") -> 0
A21: Pass percentage | B21: =B19/B18*100 -> 100
